{"cameraMode":{"drawMode":0,"name":"Shaded","section":"Shading Mode"},"sceneLighting":true,"audioPlay":false,"sceneViewState":{"showFog":true,"showMaterialUpdate":false,"showSkybox":true,"showFlares":true,"showImageEffects":true,"showParticleSystems":true},"in2DMode":false,"pivot":{"x":-12.653118133544922,"y":-3.037553071975708,"z":3.9044644832611086},"rotation":{"x":0.1483565717935562,"y":-0.5800614356994629,"z":0.10843655467033386,"w":0.7935866117477417},"size":11.450145721435547,"orthographic":false}