{"cameraMode":{"drawMode":0,"name":"Shaded","section":"Shading Mode"},"sceneLighting":false,"audioPlay":false,"sceneViewState":{"showFog":true,"showMaterialUpdate":false,"showSkybox":false,"showFlares":true,"showImageEffects":true,"showParticleSystems":true},"in2DMode":false,"pivot":{"x":3.5675268173217775,"y":5.20728874206543,"z":6.4506964683532719},"rotation":{"x":-0.07596923410892487,"y":-0.35085198283195498,"z":0.0287410207092762,"w":-0.9329572916030884},"size":11.586629867553711,"orthographic":false}