{"cameraMode":{"drawMode":0,"name":"Shaded","section":"Shading Mode"},"sceneLighting":true,"audioPlay":false,"sceneViewState":{"showFog":true,"showMaterialUpdate":false,"showSkybox":true,"showFlares":true,"showImageEffects":true,"showParticleSystems":true},"in2DMode":false,"pivot":{"x":3.5390100479125978,"y":3.539760112762451,"z":-3.9717793464660646},"rotation":{"x":0.140016108751297,"y":-0.5182448625564575,"z":0.08645842224359513,"w":0.8392605781555176},"size":3.866024971008301,"orthographic":false}